name,csvpath,projectpath
ironsmile/nedomi,csv1/1&ironsmile&nedomi.csv,/home/mikael/Desktop/BenchmarkProjects/ironsmile/nedomi/src/github.com/ironsmile/nedomi
tidwall/buntdb,csv1/2&tidwall&buntdb.csv,/home/mikael/Desktop/BenchmarkProjects/tidwall/buntdb/src/github.com/tidwall/buntdb
robertkrimen/otto,csv1/3&robertkrimen&otto.csv,/home/mikael/Desktop/BenchmarkProjects/robertkrimen/otto/src/github.com/robertkrimen/otto
pilosa/pilosa,csv1/4&pilosa&pilosa.csv,/home/mikael/Desktop/BenchmarkProjects/pilosa/pilosa/src/github.com/pilosa/pilosa
mdlayher/waveform,csv1/5&mdlayher&waveform.csv,/home/mikael/Desktop/BenchmarkProjects/mdlayher/waveform/src/github.com/mdlayher/waveform
ryszard/goskiplist,csv1/6&ryszard&goskiplist.csv,/home/mikael/Desktop/BenchmarkProjects/ryszard/goskiplist/src/github.com/ryszard/goskiplist
mitchellh/mapstructure,csv1/7&mitchellh&mapstructure.csv,/home/mikael/Desktop/BenchmarkProjects/mitchellh/mapstructure/src/github.com/mitchellh/mapstructure
syndtr/goleveldb,csv1/8&syndtr&goleveldb.csv,/home/mikael/Desktop/BenchmarkProjects/syndtr/goleveldb/src/github.com/syndtr/goleveldb
valyala/gorpc,csv1/9&valyala&gorpc.csv,/home/mikael/Desktop/BenchmarkProjects/valyala/gorpc/src/github.com/valyala/gorpc
agnivade/funnel,csv1/10&agnivade&funnel.csv,/home/mikael/Desktop/BenchmarkProjects/agnivade/funnel/src/github.com/agnivade/funnel
sorcix/irc,csv1/11&sorcix&irc.csv,/home/mikael/Desktop/BenchmarkProjects/sorcix/irc/src/github.com/sorcix/irc
optiopay/kafka,csv1/12&optiopay&kafka.csv,/home/mikael/Desktop/BenchmarkProjects/optiopay/kafka/src/github.com/optiopay/kafka
coreos/torus,csv1/13&coreos&torus.csv,/home/mikael/Desktop/BenchmarkProjects/coreos/torus/src/github.com/coreos/torus
tjim/smpcc,csv1/14&tjim&smpcc.csv,/home/mikael/Desktop/BenchmarkProjects/tjim/smpcc/src/github.com/tjim/smpcc
prataprc/monster,csv1/15&prataprc&monster.csv,/home/mikael/Desktop/BenchmarkProjects/prataprc/monster/src/github.com/prataprc/monster
gobwas/glob,csv1/16&gobwas&glob.csv,/home/mikael/Desktop/BenchmarkProjects/gobwas/glob/src/github.com/gobwas/glob
Masterminds/semver,csv1/17&Masterminds&semver.csv,/home/mikael/Desktop/BenchmarkProjects/Masterminds/semver/src/github.com/Masterminds/semver
deckarep/golang-set,csv1/18&deckarep&golang-set.csv,/home/mikael/Desktop/BenchmarkProjects/deckarep/golang-set/src/github.com/deckarep/golang-set
cayleygraph/cayley,csv1/19&cayleygraph&cayley.csv,/home/mikael/Desktop/BenchmarkProjects/cayleygraph/cayley/src/github.com/cayleygraph/cayley
azoner/gox12,csv1/20&azoner&gox12.csv,/home/mikael/Desktop/BenchmarkProjects/azoner/gox12/src/github.com/azoner/gox12
enceve/crypto,csv1/21&enceve&crypto.csv,/home/mikael/Desktop/BenchmarkProjects/enceve/crypto/src/github.com/enceve/crypto
restic/chunker,csv1/22&restic&chunker.csv,/home/mikael/Desktop/BenchmarkProjects/restic/chunker/src/github.com/restic/chunker
prometheus/common,csv1/23&prometheus&common.csv,/home/mikael/Desktop/BenchmarkProjects/prometheus/common/src/github.com/prometheus/common
dustin/go-humanize,csv1/24&dustin&go-humanize.csv,/home/mikael/Desktop/BenchmarkProjects/dustin/go-humanize/src/github.com/dustin/go-humanize
nelhage/taktician,csv1/25&nelhage&taktician.csv,/home/mikael/Desktop/BenchmarkProjects/nelhage/taktician/src/github.com/nelhage/taktician
tendermint/merkleeyes,csv1/26&tendermint&merkleeyes.csv,/home/mikael/Desktop/BenchmarkProjects/tendermint/merkleeyes/src/github.com/tendermint/merkleeyes
NullHypothesis/zoossh,csv1/27&NullHypothesis&zoossh.csv,/home/mikael/Desktop/BenchmarkProjects/NullHypothesis/zoossh/src/github.com/NullHypothesis/zoossh
qntfy/kazaam,csv1/28&qntfy&kazaam.csv,/home/mikael/Desktop/BenchmarkProjects/qntfy/kazaam/src/github.com/qntfy/kazaam
boltdb/bolt,csv1/29&boltdb&bolt.csv,/home/mikael/Desktop/BenchmarkProjects/boltdb/bolt/src/github.com/boltdb/bolt
siddontang/go,csv1/30&siddontang&go.csv,/home/mikael/Desktop/BenchmarkProjects/siddontang/go/src/github.com/siddontang/go
g-hyoga/kyuko,csv1/31&g-hyoga&kyuko.csv,/home/mikael/Desktop/BenchmarkProjects/g-hyoga/kyuko/src/github.com/g-hyoga/kyuko
nimajalali/go-force,csv1/32&nimajalali&go-force.csv,/home/mikael/Desktop/BenchmarkProjects/nimajalali/go-force/src/github.com/nimajalali/go-force
Shopify/toxiproxy,csv1/33&Shopify&toxiproxy.csv,/home/mikael/Desktop/BenchmarkProjects/Shopify/toxiproxy/src/github.com/Shopify/toxiproxy
mna/pigeon,csv1/34&mna&pigeon.csv,/home/mikael/Desktop/BenchmarkProjects/mna/pigeon/src/github.com/mna/pigeon
toomore/gogrs,csv1/35&toomore&gogrs.csv,/home/mikael/Desktop/BenchmarkProjects/toomore/gogrs/src/github.com/toomore/gogrs
btcsuite/btcd,csv1/36&btcsuite&btcd.csv,/home/mikael/Desktop/BenchmarkProjects/btcsuite/btcd/src/github.com/btcsuite/btcd
ernado/stun,csv1/37&ernado&stun.csv,/home/mikael/Desktop/BenchmarkProjects/ernado/stun/src/github.com/ernado/stun
nsqio/nsq,csv1/38&nsqio&nsq.csv,/home/mikael/Desktop/BenchmarkProjects/nsqio/nsq/src/github.com/nsqio/nsq
nelhage/gojit,csv1/39&nelhage&gojit.csv,/home/mikael/Desktop/BenchmarkProjects/nelhage/gojit/src/github.com/nelhage/gojit
jaredfolkins/badactor,csv1/40&jaredfolkins&badactor.csv,/home/mikael/Desktop/BenchmarkProjects/jaredfolkins/badactor/src/github.com/jaredfolkins/badactor
prataprc/goparsec,csv1/41&prataprc&goparsec.csv,/home/mikael/Desktop/BenchmarkProjects/prataprc/goparsec/src/github.com/prataprc/goparsec
tianon/debian-golang-dbus,csv1/42&tianon&debian-golang-dbus.csv,/home/mikael/Desktop/BenchmarkProjects/tianon/debian-golang-dbus/src/github.com/tianon/debian-golang-dbus
codegangsta/martini-contrib,csv1/43&codegangsta&martini-contrib.csv,/home/mikael/Desktop/BenchmarkProjects/codegangsta/martini-contrib/src/github.com/codegangsta/martini-contrib
atlassian/gostatsd,csv1/44&atlassian&gostatsd.csv,/home/mikael/Desktop/BenchmarkProjects/atlassian/gostatsd/src/github.com/atlassian/gostatsd
disintegration/imaging,csv1/45&disintegration&imaging.csv,/home/mikael/Desktop/BenchmarkProjects/disintegration/imaging/src/github.com/disintegration/imaging
robfig/soy,csv1/46&robfig&soy.csv,/home/mikael/Desktop/BenchmarkProjects/robfig/soy/src/github.com/robfig/soy
pgpst/pgpst,csv1/47&pgpst&pgpst.csv,/home/mikael/Desktop/BenchmarkProjects/pgpst/pgpst/src/github.com/pgpst/pgpst
valyala/ybc,csv1/48&valyala&ybc.csv,/home/mikael/Desktop/BenchmarkProjects/valyala/ybc/src/github.com/valyala/ybc
ardanlabs/kit,csv1/49&ardanlabs&kit.csv,/home/mikael/Desktop/BenchmarkProjects/ardanlabs/kit/src/github.com/ardanlabs/kit
CodisLabs/codis,csv1/50&CodisLabs&codis.csv,/home/mikael/Desktop/BenchmarkProjects/CodisLabs/codis/src/github.com/CodisLabs/codis
xtaci/kcp-go,csv1/51&xtaci&kcp-go.csv,/home/mikael/Desktop/BenchmarkProjects/xtaci/kcp-go/src/github.com/xtaci/kcp-go
nats-io/go-nats,csv1/52&nats-io&go-nats.csv,/home/mikael/Desktop/BenchmarkProjects/nats-io/go-nats/src/github.com/nats-io/go-nats
tinylib/synapse,csv1/53&tinylib&synapse.csv,/home/mikael/Desktop/BenchmarkProjects/tinylib/synapse/src/github.com/tinylib/synapse
tideland/golib,csv1/54&tideland&golib.csv,/home/mikael/Desktop/BenchmarkProjects/tideland/golib/src/github.com/tideland/golib
PuerkitoBio/purell,csv1/55&PuerkitoBio&purell.csv,/home/mikael/Desktop/BenchmarkProjects/PuerkitoBio/purell/src/github.com/PuerkitoBio/purell
miekg/dns,csv1/56&miekg&dns.csv,/home/mikael/Desktop/BenchmarkProjects/miekg/dns/src/github.com/miekg/dns
m4rw3r/uuid,csv1/57&m4rw3r&uuid.csv,/home/mikael/Desktop/BenchmarkProjects/m4rw3r/uuid/src/github.com/m4rw3r/uuid
Comcast/rulio,csv1/58&Comcast&rulio.csv,/home/mikael/Desktop/BenchmarkProjects/Comcast/rulio/src/github.com/Comcast/rulio
wgliang/goreporter,csv1/59&wgliang&goreporter.csv,/home/mikael/Desktop/BenchmarkProjects/wgliang/goreporter/src/github.com/wgliang/goreporter
nfnt/resize,csv1/60&nfnt&resize.csv,/home/mikael/Desktop/BenchmarkProjects/nfnt/resize/src/github.com/nfnt/resize
piotrkowalczuk/pqt,csv1/61&piotrkowalczuk&pqt.csv,/home/mikael/Desktop/BenchmarkProjects/piotrkowalczuk/pqt/src/github.com/piotrkowalczuk/pqt
go-pg/pg,csv1/62&go-pg&pg.csv,/home/mikael/Desktop/BenchmarkProjects/go-pg/pg/src/github.com/go-pg/pg
bogem/id3v2,csv1/63&bogem&id3v2.csv,/home/mikael/Desktop/BenchmarkProjects/bogem/id3v2/src/github.com/bogem/id3v2
mewkiz/flac,csv1/64&mewkiz&flac.csv,/home/mikael/Desktop/BenchmarkProjects/mewkiz/flac/src/github.com/mewkiz/flac
mailru/easyjson,csv1/65&mailru&easyjson.csv,/home/mikael/Desktop/BenchmarkProjects/mailru/easyjson/src/github.com/mailru/easyjson
dustin/go-jsonpointer,csv1/66&dustin&go-jsonpointer.csv,/home/mikael/Desktop/BenchmarkProjects/dustin/go-jsonpointer/src/github.com/dustin/go-jsonpointer
StabbyCutyou/moldova,csv1/67&StabbyCutyou&moldova.csv,/home/mikael/Desktop/BenchmarkProjects/StabbyCutyou/moldova/src/github.com/StabbyCutyou/moldova
json-iterator/go,csv1/68&json-iterator&go.csv,/home/mikael/Desktop/BenchmarkProjects/json-iterator/go/src/github.com/json-iterator/go
guregu/dynamo,csv1/69&guregu&dynamo.csv,/home/mikael/Desktop/BenchmarkProjects/guregu/dynamo/src/github.com/guregu/dynamo
cosmos72/gomacro,csv1/70&cosmos72&gomacro.csv,/home/mikael/Desktop/BenchmarkProjects/cosmos72/gomacro/src/github.com/cosmos72/gomacro
CloudyKit/jet,csv1/71&CloudyKit&jet.csv,/home/mikael/Desktop/BenchmarkProjects/CloudyKit/jet/src/github.com/CloudyKit/jet
godbus/dbus,csv1/72&godbus&dbus.csv,/home/mikael/Desktop/BenchmarkProjects/godbus/dbus/src/github.com/godbus/dbus
japm/goScript,csv1/73&japm&goScript.csv,/home/mikael/Desktop/BenchmarkProjects/japm/goScript/src/github.com/japm/goScript
dustin/seriesly,csv1/74&dustin&seriesly.csv,/home/mikael/Desktop/BenchmarkProjects/dustin/seriesly/src/github.com/dustin/seriesly
jmoiron/sqlx,csv1/75&jmoiron&sqlx.csv,/home/mikael/Desktop/BenchmarkProjects/jmoiron/sqlx/src/github.com/jmoiron/sqlx
DataDog/datadog-go,csv1/76&DataDog&datadog-go.csv,/home/mikael/Desktop/BenchmarkProjects/DataDog/datadog-go/src/github.com/DataDog/datadog-go
samuel/go-thrift,csv1/77&samuel&go-thrift.csv,/home/mikael/Desktop/BenchmarkProjects/samuel/go-thrift/src/github.com/samuel/go-thrift
blang/semver,csv1/78&blang&semver.csv,/home/mikael/Desktop/BenchmarkProjects/blang/semver/src/github.com/blang/semver
klauspost/pgzip,csv1/79&klauspost&pgzip.csv,/home/mikael/Desktop/BenchmarkProjects/klauspost/pgzip/src/github.com/klauspost/pgzip
hprose/hprose-golang,csv1/80&hprose&hprose-golang.csv,/home/mikael/Desktop/BenchmarkProjects/hprose/hprose-golang/src/github.com/hprose/hprose-golang
cactus/go-statsd-client,csv1/81&cactus&go-statsd-client.csv,/home/mikael/Desktop/BenchmarkProjects/cactus/go-statsd-client/src/github.com/cactus/go-statsd-client
rdwilliamson/aws,csv1/82&rdwilliamson&aws.csv,/home/mikael/Desktop/BenchmarkProjects/rdwilliamson/aws/src/github.com/rdwilliamson/aws
Redundancy/go-sync,csv1/83&Redundancy&go-sync.csv,/home/mikael/Desktop/BenchmarkProjects/Redundancy/go-sync/src/github.com/Redundancy/go-sync
go-openapi/runtime,csv1/84&go-openapi&runtime.csv,/home/mikael/Desktop/BenchmarkProjects/go-openapi/runtime/src/github.com/go-openapi/runtime
zenazn/goji,csv1/85&zenazn&goji.csv,/home/mikael/Desktop/BenchmarkProjects/zenazn/goji/src/github.com/zenazn/goji
tendermint/tendermint,csv1/86&tendermint&tendermint.csv,/home/mikael/Desktop/BenchmarkProjects/tendermint/tendermint/src/github.com/tendermint/tendermint
splace/signals,csv1/87&splace&signals.csv,/home/mikael/Desktop/BenchmarkProjects/splace/signals/src/github.com/splace/signals
vbatts/tar-split,csv1/88&vbatts&tar-split.csv,/home/mikael/Desktop/BenchmarkProjects/vbatts/tar-split/src/github.com/vbatts/tar-split
valyala/quicktemplate,csv1/89&valyala&quicktemplate.csv,/home/mikael/Desktop/BenchmarkProjects/valyala/quicktemplate/src/github.com/valyala/quicktemplate
ahmetb/go-linq,csv1/90&ahmetb&go-linq.csv,/home/mikael/Desktop/BenchmarkProjects/ahmetb/go-linq/src/github.com/ahmetb/go-linq
hashicorp/golang-lru,csv1/91&hashicorp&golang-lru.csv,/home/mikael/Desktop/BenchmarkProjects/hashicorp/golang-lru/src/github.com/hashicorp/golang-lru
digitalocean/captainslog,csv1/92&digitalocean&captainslog.csv,/home/mikael/Desktop/BenchmarkProjects/digitalocean/captainslog/src/github.com/digitalocean/captainslog
golang/proposal,csv1/93&golang&proposal.csv,/home/mikael/Desktop/BenchmarkProjects/golang/proposal/src/github.com/golang/proposal
foursquare/quiver,csv1/94&foursquare&quiver.csv,/home/mikael/Desktop/BenchmarkProjects/foursquare/quiver/src/github.com/foursquare/quiver
chihaya/chihaya,csv1/95&chihaya&chihaya.csv,/home/mikael/Desktop/BenchmarkProjects/chihaya/chihaya/src/github.com/chihaya/chihaya
dgrijalva/jwt-go,csv1/96&dgrijalva&jwt-go.csv,/home/mikael/Desktop/BenchmarkProjects/dgrijalva/jwt-go/src/github.com/dgrijalva/jwt-go
tormol/AIS,csv1/97&tormol&AIS.csv,/home/mikael/Desktop/BenchmarkProjects/tormol/AIS/src/github.com/tormol/AIS
powerman/rpc-codec,csv1/98&powerman&rpc-codec.csv,/home/mikael/Desktop/BenchmarkProjects/powerman/rpc-codec/src/github.com/powerman/rpc-codec
google/uuid,csv1/99&google&uuid.csv,/home/mikael/Desktop/BenchmarkProjects/google/uuid/src/github.com/google/uuid
dearplain/fast-shadowsocks,csv1/100&dearplain&fast-shadowsocks.csv,/home/mikael/Desktop/BenchmarkProjects/dearplain/fast-shadowsocks/src/github.com/dearplain/fast-shadowsocks
golang/snappy,csv1/101&golang&snappy.csv,/home/mikael/Desktop/BenchmarkProjects/golang/snappy/src/github.com/golang/snappy
cloudflare/dns,csv1/102&cloudflare&dns.csv,/home/mikael/Desktop/BenchmarkProjects/cloudflare/dns/src/github.com/cloudflare/dns
semanticize/st,csv1/103&semanticize&st.csv,/home/mikael/Desktop/BenchmarkProjects/semanticize/st/src/github.com/semanticize/st
pborman/uuid,csv1/104&pborman&uuid.csv,/home/mikael/Desktop/BenchmarkProjects/pborman/uuid/src/github.com/pborman/uuid
yourheropaul/inj,csv1/105&yourheropaul&inj.csv,/home/mikael/Desktop/BenchmarkProjects/yourheropaul/inj/src/github.com/yourheropaul/inj
numbleroot/pluto,csv1/106&numbleroot&pluto.csv,/home/mikael/Desktop/BenchmarkProjects/numbleroot/pluto/src/github.com/numbleroot/pluto
open-policy-agent/opa,csv1/107&open-policy-agent&opa.csv,/home/mikael/Desktop/BenchmarkProjects/open-policy-agent/opa/src/github.com/open-policy-agent/opa
ld9999999999/pqpooling,csv1/108&ld9999999999&pqpooling.csv,/home/mikael/Desktop/BenchmarkProjects/ld9999999999/pqpooling/src/github.com/ld9999999999/pqpooling
Everlag/poeitemstore,csv1/109&Everlag&poeitemstore.csv,/home/mikael/Desktop/BenchmarkProjects/Everlag/poeitemstore/src/github.com/Everlag/poeitemstore
pierrre/imageserver,csv1/110&pierrre&imageserver.csv,/home/mikael/Desktop/BenchmarkProjects/pierrre/imageserver/src/github.com/pierrre/imageserver
tomnomnom/gron,csv1/111&tomnomnom&gron.csv,/home/mikael/Desktop/BenchmarkProjects/tomnomnom/gron/src/github.com/tomnomnom/gron
uber/tchannel-go,csv1/112&uber&tchannel-go.csv,/home/mikael/Desktop/BenchmarkProjects/uber/tchannel-go/src/github.com/uber/tchannel-go
micro/go-micro,csv1/113&micro&go-micro.csv,/home/mikael/Desktop/BenchmarkProjects/micro/go-micro/src/github.com/micro/go-micro
smancke/guble,csv1/114&smancke&guble.csv,/home/mikael/Desktop/BenchmarkProjects/smancke/guble/src/github.com/smancke/guble
jayjanssen/myq-tools,csv1/115&jayjanssen&myq-tools.csv,/home/mikael/Desktop/BenchmarkProjects/jayjanssen/myq-tools/src/github.com/jayjanssen/myq-tools
beeker1121/goque,csv1/116&beeker1121&goque.csv,/home/mikael/Desktop/BenchmarkProjects/beeker1121/goque/src/github.com/beeker1121/goque
timshannon/bolthold,csv1/117&timshannon&bolthold.csv,/home/mikael/Desktop/BenchmarkProjects/timshannon/bolthold/src/github.com/timshannon/bolthold
dimfeld/httptreemux,csv1/118&dimfeld&httptreemux.csv,/home/mikael/Desktop/BenchmarkProjects/dimfeld/httptreemux/src/github.com/dimfeld/httptreemux
VoltDB/voltdb-client-go,csv1/119&VoltDB&voltdb-client-go.csv,/home/mikael/Desktop/BenchmarkProjects/VoltDB/voltdb-client-go/src/github.com/VoltDB/voltdb-client-go
klauspost/reedsolomon,csv1/120&klauspost&reedsolomon.csv,/home/mikael/Desktop/BenchmarkProjects/klauspost/reedsolomon/src/github.com/klauspost/reedsolomon
mesosphere/mesos-dns,csv1/121&mesosphere&mesos-dns.csv,/home/mikael/Desktop/BenchmarkProjects/mesosphere/mesos-dns/src/github.com/mesosphere/mesos-dns
couchbase/moss,csv1/122&couchbase&moss.csv,/home/mikael/Desktop/BenchmarkProjects/couchbase/moss/src/github.com/couchbase/moss
op/go-logging,csv1/123&op&go-logging.csv,/home/mikael/Desktop/BenchmarkProjects/op/go-logging/src/github.com/op/go-logging
limetext/text,csv1/124&limetext&text.csv,/home/mikael/Desktop/BenchmarkProjects/limetext/text/src/github.com/limetext/text
segmentio/objconv,csv1/125&segmentio&objconv.csv,/home/mikael/Desktop/BenchmarkProjects/segmentio/objconv/src/github.com/segmentio/objconv
fiorix/go-diameter,csv1/126&fiorix&go-diameter.csv,/home/mikael/Desktop/BenchmarkProjects/fiorix/go-diameter/src/github.com/fiorix/go-diameter
privacylab/talek,csv1/127&privacylab&talek.csv,/home/mikael/Desktop/BenchmarkProjects/privacylab/talek/src/github.com/privacylab/talek
DNAProject/DNA,csv1/128&DNAProject&DNA.csv,/home/mikael/Desktop/BenchmarkProjects/DNAProject/DNA/src/github.com/DNAProject/DNA
TuftsBCB/io,csv1/129&TuftsBCB&io.csv,/home/mikael/Desktop/BenchmarkProjects/TuftsBCB/io/src/github.com/TuftsBCB/io
golang/geo,csv1/130&golang&geo.csv,/home/mikael/Desktop/BenchmarkProjects/golang/geo/src/github.com/golang/geo
dustin/gomemcached,csv1/131&dustin&gomemcached.csv,/home/mikael/Desktop/BenchmarkProjects/dustin/gomemcached/src/github.com/dustin/gomemcached
devfeel/dotweb,csv1/132&devfeel&dotweb.csv,/home/mikael/Desktop/BenchmarkProjects/devfeel/dotweb/src/github.com/devfeel/dotweb
fatih/set,csv1/133&fatih&set.csv,/home/mikael/Desktop/BenchmarkProjects/fatih/set/src/github.com/fatih/set
google/netstack,csv1/134&google&netstack.csv,/home/mikael/Desktop/BenchmarkProjects/google/netstack/src/github.com/google/netstack
Nordstrom/choices,csv1/135&Nordstrom&choices.csv,/home/mikael/Desktop/BenchmarkProjects/Nordstrom/choices/src/github.com/Nordstrom/choices
fabiolb/fabio,csv1/136&fabiolb&fabio.csv,/home/mikael/Desktop/BenchmarkProjects/fabiolb/fabio/src/github.com/fabiolb/fabio
ernado/sdp,csv1/137&ernado&sdp.csv,/home/mikael/Desktop/BenchmarkProjects/ernado/sdp/src/github.com/ernado/sdp
DataDog/datadog-trace-agent,csv1/138&DataDog&datadog-trace-agent.csv,/home/mikael/Desktop/BenchmarkProjects/DataDog/datadog-trace-agent/src/github.com/DataDog/datadog-trace-agent
henrylee2cn/faygo,csv1/139&henrylee2cn&faygo.csv,/home/mikael/Desktop/BenchmarkProjects/henrylee2cn/faygo/src/github.com/henrylee2cn/faygo
bemasher/rtlamr,csv1/140&bemasher&rtlamr.csv,/home/mikael/Desktop/BenchmarkProjects/bemasher/rtlamr/src/github.com/bemasher/rtlamr
sni/lmd,csv1/141&sni&lmd.csv,/home/mikael/Desktop/BenchmarkProjects/sni/lmd/src/github.com/sni/lmd
mna/gred,csv1/142&mna&gred.csv,/home/mikael/Desktop/BenchmarkProjects/mna/gred/src/github.com/mna/gred
ungerik/go3d,csv1/143&ungerik&go3d.csv,/home/mikael/Desktop/BenchmarkProjects/ungerik/go3d/src/github.com/ungerik/go3d
bbiskup/edify,csv1/144&bbiskup&edify.csv,/home/mikael/Desktop/BenchmarkProjects/bbiskup/edify/src/github.com/bbiskup/edify
Liru/tumblr-downloader,csv1/145&Liru&tumblr-downloader.csv,/home/mikael/Desktop/BenchmarkProjects/Liru/tumblr-downloader/src/github.com/Liru/tumblr-downloader
01org/ciao,csv1/146&01org&ciao.csv,/home/mikael/Desktop/BenchmarkProjects/01org/ciao/src/github.com/01org/ciao
gocql/gocql,csv1/147&gocql&gocql.csv,/home/mikael/Desktop/BenchmarkProjects/gocql/gocql/src/github.com/gocql/gocql
centrifugal/centrifugo,csv1/148&centrifugal&centrifugo.csv,/home/mikael/Desktop/BenchmarkProjects/centrifugal/centrifugo/src/github.com/centrifugal/centrifugo
donutloop/mux,csv1/149&donutloop&mux.csv,/home/mikael/Desktop/BenchmarkProjects/donutloop/mux/src/github.com/donutloop/mux
lib/pq,csv1/150&lib&pq.csv,/home/mikael/Desktop/BenchmarkProjects/lib/pq/src/github.com/lib/pq
lionkov/ninep,csv1/151&lionkov&ninep.csv,/home/mikael/Desktop/BenchmarkProjects/lionkov/ninep/src/github.com/lionkov/ninep
goframework/gf,csv1/152&goframework&gf.csv,/home/mikael/Desktop/BenchmarkProjects/goframework/gf/src/github.com/goframework/gf
elodina/go-avro,csv1/153&elodina&go-avro.csv,/home/mikael/Desktop/BenchmarkProjects/elodina/go-avro/src/github.com/elodina/go-avro
coreos/mantle,csv1/154&coreos&mantle.csv,/home/mikael/Desktop/BenchmarkProjects/coreos/mantle/src/github.com/coreos/mantle
getlantern/zenodb,csv1/155&getlantern&zenodb.csv,/home/mikael/Desktop/BenchmarkProjects/getlantern/zenodb/src/github.com/getlantern/zenodb
dchest/captcha,csv1/156&dchest&captcha.csv,/home/mikael/Desktop/BenchmarkProjects/dchest/captcha/src/github.com/dchest/captcha
smartystreets/go-disruptor,csv1/157&smartystreets&go-disruptor.csv,/home/mikael/Desktop/BenchmarkProjects/smartystreets/go-disruptor/src/github.com/smartystreets/go-disruptor
roblillack/mars,csv1/158&roblillack&mars.csv,/home/mikael/Desktop/BenchmarkProjects/roblillack/mars/src/github.com/roblillack/mars
tsuru/planb,csv1/159&tsuru&planb.csv,/home/mikael/Desktop/BenchmarkProjects/tsuru/planb/src/github.com/tsuru/planb
tsurai/jantar,csv1/160&tsurai&jantar.csv,/home/mikael/Desktop/BenchmarkProjects/tsurai/jantar/src/github.com/tsurai/jantar
shadowsocks/shadowsocks-go,csv1/161&shadowsocks&shadowsocks-go.csv,/home/mikael/Desktop/BenchmarkProjects/shadowsocks/shadowsocks-go/src/github.com/shadowsocks/shadowsocks-go
glenn-brown/skiplist,csv1/162&glenn-brown&skiplist.csv,/home/mikael/Desktop/BenchmarkProjects/glenn-brown/skiplist/src/github.com/glenn-brown/skiplist
omniscale/imposm3,csv1/163&omniscale&imposm3.csv,/home/mikael/Desktop/BenchmarkProjects/omniscale/imposm3/src/github.com/omniscale/imposm3
cznic/mathutil,csv1/164&cznic&mathutil.csv,/home/mikael/Desktop/BenchmarkProjects/cznic/mathutil/src/github.com/cznic/mathutil
peterbourgon/diskv,csv1/165&peterbourgon&diskv.csv,/home/mikael/Desktop/BenchmarkProjects/peterbourgon/diskv/src/github.com/peterbourgon/diskv
mndrix/golog,csv1/166&mndrix&golog.csv,/home/mikael/Desktop/BenchmarkProjects/mndrix/golog/src/github.com/mndrix/golog
klauspost/compress,csv1/167&klauspost&compress.csv,/home/mikael/Desktop/BenchmarkProjects/klauspost/compress/src/github.com/klauspost/compress
containerd/containerd,csv1/168&containerd&containerd.csv,/home/mikael/Desktop/BenchmarkProjects/containerd/containerd/src/github.com/containerd/containerd
stratumn/sdk,csv1/169&stratumn&sdk.csv,/home/mikael/Desktop/BenchmarkProjects/stratumn/sdk/src/github.com/stratumn/sdk
bread-editor/bread,csv1/170&bread-editor&bread.csv,/home/mikael/Desktop/BenchmarkProjects/bread-editor/bread/src/github.com/bread-editor/bread
nicksnyder/go-i18n,csv1/171&nicksnyder&go-i18n.csv,/home/mikael/Desktop/BenchmarkProjects/nicksnyder/go-i18n/src/github.com/nicksnyder/go-i18n
rs/cors,csv1/172&rs&cors.csv,/home/mikael/Desktop/BenchmarkProjects/rs/cors/src/github.com/rs/cors
reflexionhealth/vanilla,csv1/173&reflexionhealth&vanilla.csv,/home/mikael/Desktop/BenchmarkProjects/reflexionhealth/vanilla/src/github.com/reflexionhealth/vanilla
cznic/kv,csv1/174&cznic&kv.csv,/home/mikael/Desktop/BenchmarkProjects/cznic/kv/src/github.com/cznic/kv
orcaman/concurrent-map,csv1/175&orcaman&concurrent-map.csv,/home/mikael/Desktop/BenchmarkProjects/orcaman/concurrent-map/src/github.com/orcaman/concurrent-map
Knetic/govaluate,csv1/176&Knetic&govaluate.csv,/home/mikael/Desktop/BenchmarkProjects/Knetic/govaluate/src/github.com/Knetic/govaluate
aclements/go-misc,csv1/177&aclements&go-misc.csv,/home/mikael/Desktop/BenchmarkProjects/aclements/go-misc/src/github.com/aclements/go-misc
tsuru/bs,csv1/178&tsuru&bs.csv,/home/mikael/Desktop/BenchmarkProjects/tsuru/bs/src/github.com/tsuru/bs
uber-common/cpustat,csv1/179&uber-common&cpustat.csv,/home/mikael/Desktop/BenchmarkProjects/uber-common/cpustat/src/github.com/uber-common/cpustat
lightstep/lightstep-tracer-go,csv1/180&lightstep&lightstep-tracer-go.csv,/home/mikael/Desktop/BenchmarkProjects/lightstep/lightstep-tracer-go/src/github.com/lightstep/lightstep-tracer-go
rivine/rivine,csv1/181&rivine&rivine.csv,/home/mikael/Desktop/BenchmarkProjects/rivine/rivine/src/github.com/rivine/rivine
couchbase/go-slab,csv1/182&couchbase&go-slab.csv,/home/mikael/Desktop/BenchmarkProjects/couchbase/go-slab/src/github.com/couchbase/go-slab
garyburd/redigo,csv1/183&garyburd&redigo.csv,/home/mikael/Desktop/BenchmarkProjects/garyburd/redigo/src/github.com/garyburd/redigo
asteris-llc/converge,csv1/184&asteris-llc&converge.csv,/home/mikael/Desktop/BenchmarkProjects/asteris-llc/converge/src/github.com/asteris-llc/converge
Workiva/go-datastructures,csv1/185&Workiva&go-datastructures.csv,/home/mikael/Desktop/BenchmarkProjects/Workiva/go-datastructures/src/github.com/Workiva/go-datastructures
ardielle/ardielle-go,csv1/186&ardielle&ardielle-go.csv,/home/mikael/Desktop/BenchmarkProjects/ardielle/ardielle-go/src/github.com/ardielle/ardielle-go
nekolunar/http2,csv1/187&nekolunar&http2.csv,/home/mikael/Desktop/BenchmarkProjects/nekolunar/http2/src/github.com/nekolunar/http2
m3db/m3x,csv1/188&m3db&m3x.csv,/home/mikael/Desktop/BenchmarkProjects/m3db/m3x/src/github.com/m3db/m3x
brianvoe/gofakeit,csv1/189&brianvoe&gofakeit.csv,/home/mikael/Desktop/BenchmarkProjects/brianvoe/gofakeit/src/github.com/brianvoe/gofakeit
anthonynsimon/bild,csv1/190&anthonynsimon&bild.csv,/home/mikael/Desktop/BenchmarkProjects/anthonynsimon/bild/src/github.com/anthonynsimon/bild
qjpcpu/sesh,csv1/191&qjpcpu&sesh.csv,/home/mikael/Desktop/BenchmarkProjects/qjpcpu/sesh/src/github.com/qjpcpu/sesh
rackspace/rack,csv1/192&rackspace&rack.csv,/home/mikael/Desktop/BenchmarkProjects/rackspace/rack/src/github.com/rackspace/rack
btcsuite/btcwallet,csv1/193&btcsuite&btcwallet.csv,/home/mikael/Desktop/BenchmarkProjects/btcsuite/btcwallet/src/github.com/btcsuite/btcwallet
mvdan/xurls,csv1/194&mvdan&xurls.csv,/home/mikael/Desktop/BenchmarkProjects/mvdan/xurls/src/github.com/mvdan/xurls
OneOfOne/xxhash,csv1/195&OneOfOne&xxhash.csv,/home/mikael/Desktop/BenchmarkProjects/OneOfOne/xxhash/src/github.com/OneOfOne/xxhash
Comcast/eel,csv1/196&Comcast&eel.csv,/home/mikael/Desktop/BenchmarkProjects/Comcast/eel/src/github.com/Comcast/eel
eaburns/T,csv1/197&eaburns&T.csv,/home/mikael/Desktop/BenchmarkProjects/eaburns/T/src/github.com/eaburns/T
lunixbochs/struc,csv1/198&lunixbochs&struc.csv,/home/mikael/Desktop/BenchmarkProjects/lunixbochs/struc/src/github.com/lunixbochs/struc
appc/spec,csv1/199&appc&spec.csv,/home/mikael/Desktop/BenchmarkProjects/appc/spec/src/github.com/appc/spec
cosn/collections,csv1/200&cosn&collections.csv,/home/mikael/Desktop/BenchmarkProjects/cosn/collections/src/github.com/cosn/collections
avct/uasurfer,csv1/201&avct&uasurfer.csv,/home/mikael/Desktop/BenchmarkProjects/avct/uasurfer/src/github.com/avct/uasurfer
docker/libchan,csv1/202&docker&libchan.csv,/home/mikael/Desktop/BenchmarkProjects/docker/libchan/src/github.com/docker/libchan
gin-gonic/gin,csv1/203&gin-gonic&gin.csv,/home/mikael/Desktop/BenchmarkProjects/gin-gonic/gin/src/github.com/gin-gonic/gin
derekparker/delve,csv1/204&derekparker&delve.csv,/home/mikael/Desktop/BenchmarkProjects/derekparker/delve/src/github.com/derekparker/delve
go-redis/redis,csv1/205&go-redis&redis.csv,/home/mikael/Desktop/BenchmarkProjects/go-redis/redis/src/github.com/go-redis/redis
goburrow/cache,csv1/206&goburrow&cache.csv,/home/mikael/Desktop/BenchmarkProjects/goburrow/cache/src/github.com/goburrow/cache
go-sql-driver/mysql,csv1/207&go-sql-driver&mysql.csv,/home/mikael/Desktop/BenchmarkProjects/go-sql-driver/mysql/src/github.com/go-sql-driver/mysql
cgrates/cgrates,csv1/208&cgrates&cgrates.csv,/home/mikael/Desktop/BenchmarkProjects/cgrates/cgrates/src/github.com/cgrates/cgrates
goburrow/modbus,csv1/209&goburrow&modbus.csv,/home/mikael/Desktop/BenchmarkProjects/goburrow/modbus/src/github.com/goburrow/modbus
uber-go/zap,csv1/210&uber-go&zap.csv,/home/mikael/Desktop/BenchmarkProjects/uber-go/zap/src/github.com/uber-go/zap
kostya-sh/parquet-go,csv1/211&kostya-sh&parquet-go.csv,/home/mikael/Desktop/BenchmarkProjects/kostya-sh/parquet-go/src/github.com/kostya-sh/parquet-go
vladimirvivien/automi,csv1/212&vladimirvivien&automi.csv,/home/mikael/Desktop/BenchmarkProjects/vladimirvivien/automi/src/github.com/vladimirvivien/automi
patrickmn/go-cache,csv1/213&patrickmn&go-cache.csv,/home/mikael/Desktop/BenchmarkProjects/patrickmn/go-cache/src/github.com/patrickmn/go-cache
spf13/cobra,csv1/214&spf13&cobra.csv,/home/mikael/Desktop/BenchmarkProjects/spf13/cobra/src/github.com/spf13/cobra
biogo/hts,csv1/215&biogo&hts.csv,/home/mikael/Desktop/BenchmarkProjects/biogo/hts/src/github.com/biogo/hts
go-playground/locales,csv1/216&go-playground&locales.csv,/home/mikael/Desktop/BenchmarkProjects/go-playground/locales/src/github.com/go-playground/locales
PuerkitoBio/goquery,csv1/217&PuerkitoBio&goquery.csv,/home/mikael/Desktop/BenchmarkProjects/PuerkitoBio/goquery/src/github.com/PuerkitoBio/goquery
apigee-labs/transicator,csv1/218&apigee-labs&transicator.csv,/home/mikael/Desktop/BenchmarkProjects/apigee-labs/transicator/src/github.com/apigee-labs/transicator
pteichman/fate,csv1/219&pteichman&fate.csv,/home/mikael/Desktop/BenchmarkProjects/pteichman/fate/src/github.com/pteichman/fate
coredns/coredns,csv1/220&coredns&coredns.csv,/home/mikael/Desktop/BenchmarkProjects/coredns/coredns/src/github.com/coredns/coredns
valyala/fasthttp,csv1/221&valyala&fasthttp.csv,/home/mikael/Desktop/BenchmarkProjects/valyala/fasthttp/src/github.com/valyala/fasthttp
docker/distribution,csv1/222&docker&distribution.csv,/home/mikael/Desktop/BenchmarkProjects/docker/distribution/src/github.com/docker/distribution
sjwhitworth/golearn,csv1/223&sjwhitworth&golearn.csv,/home/mikael/Desktop/BenchmarkProjects/sjwhitworth/golearn/src/github.com/sjwhitworth/golearn
vattle/sqlboiler,csv1/224&vattle&sqlboiler.csv,/home/mikael/Desktop/BenchmarkProjects/vattle/sqlboiler/src/github.com/vattle/sqlboiler
coreos/coretest,csv1/225&coreos&coretest.csv,/home/mikael/Desktop/BenchmarkProjects/coreos/coretest/src/github.com/coreos/coretest
