name,csvpath
ironsmile/nedomi,csv2/1&ironsmile&nedomi.csv
tidwall/buntdb,csv2/2&tidwall&buntdb.csv
robertkrimen/otto,csv2/3&robertkrimen&otto.csv
pilosa/pilosa,csv2/4&pilosa&pilosa.csv
mdlayher/waveform,csv2/5&mdlayher&waveform.csv
ryszard/goskiplist,csv2/6&ryszard&goskiplist.csv
mitchellh/mapstructure,csv2/7&mitchellh&mapstructure.csv
syndtr/goleveldb,csv2/8&syndtr&goleveldb.csv
valyala/gorpc,csv2/9&valyala&gorpc.csv
agnivade/funnel,csv2/10&agnivade&funnel.csv
sorcix/irc,csv2/11&sorcix&irc.csv
optiopay/kafka,csv2/12&optiopay&kafka.csv
coreos/torus,csv2/13&coreos&torus.csv
tjim/smpcc,csv2/14&tjim&smpcc.csv
prataprc/monster,csv2/15&prataprc&monster.csv
gobwas/glob,csv2/16&gobwas&glob.csv
Masterminds/semver,csv2/17&Masterminds&semver.csv
deckarep/golang-set,csv2/18&deckarep&golang-set.csv
cayleygraph/cayley,csv2/19&cayleygraph&cayley.csv
azoner/gox12,csv2/20&azoner&gox12.csv
enceve/crypto,csv2/21&enceve&crypto.csv
restic/chunker,csv2/22&restic&chunker.csv
prometheus/common,csv2/23&prometheus&common.csv
dustin/go-humanize,csv2/24&dustin&go-humanize.csv
nelhage/taktician,csv2/25&nelhage&taktician.csv
tendermint/merkleeyes,csv2/26&tendermint&merkleeyes.csv
NullHypothesis/zoossh,csv2/27&NullHypothesis&zoossh.csv
qntfy/kazaam,csv2/28&qntfy&kazaam.csv
boltdb/bolt,csv2/29&boltdb&bolt.csv
siddontang/go,csv2/30&siddontang&go.csv
g-hyoga/kyuko,csv2/31&g-hyoga&kyuko.csv
nimajalali/go-force,csv2/32&nimajalali&go-force.csv
Shopify/toxiproxy,csv2/33&Shopify&toxiproxy.csv
mna/pigeon,csv2/34&mna&pigeon.csv
toomore/gogrs,csv2/35&toomore&gogrs.csv
btcsuite/btcd,csv2/36&btcsuite&btcd.csv
ernado/stun,csv2/37&ernado&stun.csv
nsqio/nsq,csv2/38&nsqio&nsq.csv
nelhage/gojit,csv2/39&nelhage&gojit.csv
jaredfolkins/badactor,csv2/40&jaredfolkins&badactor.csv
prataprc/goparsec,csv2/41&prataprc&goparsec.csv
tianon/debian-golang-dbus,csv2/42&tianon&debian-golang-dbus.csv
codegangsta/martini-contrib,csv2/43&codegangsta&martini-contrib.csv
atlassian/gostatsd,csv2/44&atlassian&gostatsd.csv
disintegration/imaging,csv2/45&disintegration&imaging.csv
robfig/soy,csv2/46&robfig&soy.csv
pgpst/pgpst,csv2/47&pgpst&pgpst.csv
valyala/ybc,csv2/48&valyala&ybc.csv
ardanlabs/kit,csv2/49&ardanlabs&kit.csv
CodisLabs/codis,csv2/50&CodisLabs&codis.csv
xtaci/kcp-go,csv2/51&xtaci&kcp-go.csv
nats-io/go-nats,csv2/52&nats-io&go-nats.csv
tinylib/synapse,csv2/53&tinylib&synapse.csv
tideland/golib,csv2/54&tideland&golib.csv
PuerkitoBio/purell,csv2/55&PuerkitoBio&purell.csv
miekg/dns,csv2/56&miekg&dns.csv
m4rw3r/uuid,csv2/57&m4rw3r&uuid.csv
Comcast/rulio,csv2/58&Comcast&rulio.csv
wgliang/goreporter,csv2/59&wgliang&goreporter.csv
nfnt/resize,csv2/60&nfnt&resize.csv
piotrkowalczuk/pqt,csv2/61&piotrkowalczuk&pqt.csv
go-pg/pg,csv2/62&go-pg&pg.csv
bogem/id3v2,csv2/63&bogem&id3v2.csv
mewkiz/flac,csv2/64&mewkiz&flac.csv
mailru/easyjson,csv2/65&mailru&easyjson.csv
dustin/go-jsonpointer,csv2/66&dustin&go-jsonpointer.csv
StabbyCutyou/moldova,csv2/67&StabbyCutyou&moldova.csv
json-iterator/go,csv2/68&json-iterator&go.csv
guregu/dynamo,csv2/69&guregu&dynamo.csv
cosmos72/gomacro,csv2/70&cosmos72&gomacro.csv
CloudyKit/jet,csv2/71&CloudyKit&jet.csv
godbus/dbus,csv2/72&godbus&dbus.csv
japm/goScript,csv2/73&japm&goScript.csv
dustin/seriesly,csv2/74&dustin&seriesly.csv
jmoiron/sqlx,csv2/75&jmoiron&sqlx.csv
DataDog/datadog-go,csv2/76&DataDog&datadog-go.csv
samuel/go-thrift,csv2/77&samuel&go-thrift.csv
blang/semver,csv2/78&blang&semver.csv
klauspost/pgzip,csv2/79&klauspost&pgzip.csv
hprose/hprose-golang,csv2/80&hprose&hprose-golang.csv
cactus/go-statsd-client,csv2/81&cactus&go-statsd-client.csv
rdwilliamson/aws,csv2/82&rdwilliamson&aws.csv
Redundancy/go-sync,csv2/83&Redundancy&go-sync.csv
go-openapi/runtime,csv2/84&go-openapi&runtime.csv
zenazn/goji,csv2/85&zenazn&goji.csv
tendermint/tendermint,csv2/86&tendermint&tendermint.csv
splace/signals,csv2/87&splace&signals.csv
vbatts/tar-split,csv2/88&vbatts&tar-split.csv
valyala/quicktemplate,csv2/89&valyala&quicktemplate.csv
ahmetb/go-linq,csv2/90&ahmetb&go-linq.csv
hashicorp/golang-lru,csv2/91&hashicorp&golang-lru.csv
digitalocean/captainslog,csv2/92&digitalocean&captainslog.csv
golang/proposal,csv2/93&golang&proposal.csv
foursquare/quiver,csv2/94&foursquare&quiver.csv
chihaya/chihaya,csv2/95&chihaya&chihaya.csv
dgrijalva/jwt-go,csv2/96&dgrijalva&jwt-go.csv
tormol/AIS,csv2/97&tormol&AIS.csv
powerman/rpc-codec,csv2/98&powerman&rpc-codec.csv
google/uuid,csv2/99&google&uuid.csv
dearplain/fast-shadowsocks,csv2/100&dearplain&fast-shadowsocks.csv
golang/snappy,csv2/101&golang&snappy.csv
cloudflare/dns,csv2/102&cloudflare&dns.csv
semanticize/st,csv2/103&semanticize&st.csv
pborman/uuid,csv2/104&pborman&uuid.csv
yourheropaul/inj,csv2/105&yourheropaul&inj.csv
numbleroot/pluto,csv2/106&numbleroot&pluto.csv
open-policy-agent/opa,csv2/107&open-policy-agent&opa.csv
ld9999999999/pqpooling,csv2/108&ld9999999999&pqpooling.csv
Everlag/poeitemstore,csv2/109&Everlag&poeitemstore.csv
pierrre/imageserver,csv2/110&pierrre&imageserver.csv
tomnomnom/gron,csv2/111&tomnomnom&gron.csv
uber/tchannel-go,csv2/112&uber&tchannel-go.csv
micro/go-micro,csv2/113&micro&go-micro.csv
smancke/guble,csv2/114&smancke&guble.csv
jayjanssen/myq-tools,csv2/115&jayjanssen&myq-tools.csv
beeker1121/goque,csv2/116&beeker1121&goque.csv
timshannon/bolthold,csv2/117&timshannon&bolthold.csv
dimfeld/httptreemux,csv2/118&dimfeld&httptreemux.csv
VoltDB/voltdb-client-go,csv2/119&VoltDB&voltdb-client-go.csv
klauspost/reedsolomon,csv2/120&klauspost&reedsolomon.csv
mesosphere/mesos-dns,csv2/121&mesosphere&mesos-dns.csv
couchbase/moss,csv2/122&couchbase&moss.csv
op/go-logging,csv2/123&op&go-logging.csv
limetext/text,csv2/124&limetext&text.csv
segmentio/objconv,csv2/125&segmentio&objconv.csv
fiorix/go-diameter,csv2/126&fiorix&go-diameter.csv
privacylab/talek,csv2/127&privacylab&talek.csv
DNAProject/DNA,csv2/128&DNAProject&DNA.csv
TuftsBCB/io,csv2/129&TuftsBCB&io.csv
golang/geo,csv2/130&golang&geo.csv
dustin/gomemcached,csv2/131&dustin&gomemcached.csv
devfeel/dotweb,csv2/132&devfeel&dotweb.csv
fatih/set,csv2/133&fatih&set.csv
google/netstack,csv2/134&google&netstack.csv
Nordstrom/choices,csv2/135&Nordstrom&choices.csv
fabiolb/fabio,csv2/136&fabiolb&fabio.csv
ernado/sdp,csv2/137&ernado&sdp.csv
DataDog/datadog-trace-agent,csv2/138&DataDog&datadog-trace-agent.csv
henrylee2cn/faygo,csv2/139&henrylee2cn&faygo.csv
bemasher/rtlamr,csv2/140&bemasher&rtlamr.csv
sni/lmd,csv2/141&sni&lmd.csv
mna/gred,csv2/142&mna&gred.csv
ungerik/go3d,csv2/143&ungerik&go3d.csv
bbiskup/edify,csv2/144&bbiskup&edify.csv
Liru/tumblr-downloader,csv2/145&Liru&tumblr-downloader.csv
01org/ciao,csv2/146&01org&ciao.csv
gocql/gocql,csv2/147&gocql&gocql.csv
centrifugal/centrifugo,csv2/148&centrifugal&centrifugo.csv
donutloop/mux,csv2/149&donutloop&mux.csv
lib/pq,csv2/150&lib&pq.csv
lionkov/ninep,csv2/151&lionkov&ninep.csv
goframework/gf,csv2/152&goframework&gf.csv
elodina/go-avro,csv2/153&elodina&go-avro.csv
coreos/mantle,csv2/154&coreos&mantle.csv
getlantern/zenodb,csv2/155&getlantern&zenodb.csv
dchest/captcha,csv2/156&dchest&captcha.csv
smartystreets/go-disruptor,csv2/157&smartystreets&go-disruptor.csv
roblillack/mars,csv2/158&roblillack&mars.csv
tsuru/planb,csv2/159&tsuru&planb.csv
tsurai/jantar,csv2/160&tsurai&jantar.csv
shadowsocks/shadowsocks-go,csv2/161&shadowsocks&shadowsocks-go.csv
glenn-brown/skiplist,csv2/162&glenn-brown&skiplist.csv
omniscale/imposm3,csv2/163&omniscale&imposm3.csv
cznic/mathutil,csv2/164&cznic&mathutil.csv
peterbourgon/diskv,csv2/165&peterbourgon&diskv.csv
mndrix/golog,csv2/166&mndrix&golog.csv
klauspost/compress,csv2/167&klauspost&compress.csv
containerd/containerd,csv2/168&containerd&containerd.csv
stratumn/sdk,csv2/169&stratumn&sdk.csv
bread-editor/bread,csv2/170&bread-editor&bread.csv
nicksnyder/go-i18n,csv2/171&nicksnyder&go-i18n.csv
rs/cors,csv2/172&rs&cors.csv
reflexionhealth/vanilla,csv2/173&reflexionhealth&vanilla.csv
cznic/kv,csv2/174&cznic&kv.csv
orcaman/concurrent-map,csv2/175&orcaman&concurrent-map.csv
Knetic/govaluate,csv2/176&Knetic&govaluate.csv
aclements/go-misc,csv2/177&aclements&go-misc.csv
tsuru/bs,csv2/178&tsuru&bs.csv
uber-common/cpustat,csv2/179&uber-common&cpustat.csv
lightstep/lightstep-tracer-go,csv2/180&lightstep&lightstep-tracer-go.csv
rivine/rivine,csv2/181&rivine&rivine.csv
couchbase/go-slab,csv2/182&couchbase&go-slab.csv
garyburd/redigo,csv2/183&garyburd&redigo.csv
asteris-llc/converge,csv2/184&asteris-llc&converge.csv
Workiva/go-datastructures,csv2/185&Workiva&go-datastructures.csv
ardielle/ardielle-go,csv2/186&ardielle&ardielle-go.csv
nekolunar/http2,csv2/187&nekolunar&http2.csv
m3db/m3x,csv2/188&m3db&m3x.csv
brianvoe/gofakeit,csv2/189&brianvoe&gofakeit.csv
anthonynsimon/bild,csv2/190&anthonynsimon&bild.csv
qjpcpu/sesh,csv2/191&qjpcpu&sesh.csv
rackspace/rack,csv2/192&rackspace&rack.csv
btcsuite/btcwallet,csv2/193&btcsuite&btcwallet.csv
mvdan/xurls,csv2/194&mvdan&xurls.csv
OneOfOne/xxhash,csv2/195&OneOfOne&xxhash.csv
Comcast/eel,csv2/196&Comcast&eel.csv
eaburns/T,csv2/197&eaburns&T.csv
lunixbochs/struc,csv2/198&lunixbochs&struc.csv
appc/spec,csv2/199&appc&spec.csv
cosn/collections,csv2/200&cosn&collections.csv
avct/uasurfer,csv2/201&avct&uasurfer.csv
docker/libchan,csv2/202&docker&libchan.csv
gin-gonic/gin,csv2/203&gin-gonic&gin.csv
derekparker/delve,csv2/204&derekparker&delve.csv
go-redis/redis,csv2/205&go-redis&redis.csv
goburrow/cache,csv2/206&goburrow&cache.csv
go-sql-driver/mysql,csv2/207&go-sql-driver&mysql.csv
cgrates/cgrates,csv2/208&cgrates&cgrates.csv
goburrow/modbus,csv2/209&goburrow&modbus.csv
uber-go/zap,csv2/210&uber-go&zap.csv
kostya-sh/parquet-go,csv2/211&kostya-sh&parquet-go.csv
vladimirvivien/automi,csv2/212&vladimirvivien&automi.csv
patrickmn/go-cache,csv2/213&patrickmn&go-cache.csv
spf13/cobra,csv2/214&spf13&cobra.csv
biogo/hts,csv2/215&biogo&hts.csv
go-playground/locales,csv2/216&go-playground&locales.csv
PuerkitoBio/goquery,csv2/217&PuerkitoBio&goquery.csv
apigee-labs/transicator,csv2/218&apigee-labs&transicator.csv
pteichman/fate,csv2/219&pteichman&fate.csv
coredns/coredns,csv2/220&coredns&coredns.csv
valyala/fasthttp,csv2/221&valyala&fasthttp.csv
docker/distribution,csv2/222&docker&distribution.csv
sjwhitworth/golearn,csv2/223&sjwhitworth&golearn.csv
vattle/sqlboiler,csv2/224&vattle&sqlboiler.csv
coreos/coretest,csv2/225&coreos&coretest.csv
ironsmile/nedomi,csv2\1&ironsmile&nedomi.csv
