ironsmile/nedomi;01acf83d0d615b4f8726e94edf4470985ee176de
tidwall/buntdb;83418750ee775aa24194606fffe7fec391975a65
robertkrimen/otto;49fee9c1c0db1c366003ede4cc665f9924a97521
pilosa/pilosa;3e349594b18615fd3052c0711207ec28ffcdcecd
tendermint/go-merkle;714d4d04557fd068a7c2a1748241ce8428015a96
mdlayher/waveform;6b28917edfbacd50bff4d58f951cf80499c952c4
ryszard/goskiplist;2dfbae5fcf46374f166f8969cb07e167f1be6273
mitchellh/mapstructure;d0303fe809921458f417bcf828397a65db30a7e4
syndtr/goleveldb;8c81ea47d4c41a385645e133e15510fc6a2a74b4
valyala/gorpc;908281bef77441f2d0ec1792189b4032a1dace0c
agnivade/funnel;6f85e810e2b9f5a34256f427579527699efcc7be
sorcix/irc;8becc86e7db2305c7398053e939d50e804a4df72
optiopay/kafka;7b7b6a0d49740e36cd39226913b38cecf9ef76cb
coreos/torus;b53b701fc3af89fdf5f2999ebbc3b778e8c18ccc
tjim/smpcc;afad843cf1d20085a2b1da225b4a5e777c958058
prataprc/monster;0d3ff14e39c9f3dc59b579648b9a18b893d149c6
gobwas/glob;51eb1ee00b6d931c66d229ceeb7c31b985563420
Masterminds/semver;abff1900528dbdaf6f3f5aa92c398be1eaf2a9f7
deckarep/golang-set;3a36ffa8b5bf7cd329c8834c6b743d6930dad12f
cayleygraph/cayley;05f225d85d87eb636844ec89b21f0c406c6f6000
azoner/gox12;c403abf24e897e06d1beb5252c4efa3654ca4626
enceve/crypto;34d48bb938155e3b408f014835ee1f6e3b4c2672
restic/chunker;1542d55ca53d2d8d7b38e890f7a4be90014356af
prometheus/common;0866df4b85a18d652b6965be022d007cdf076822
dustin/go-humanize;259d2a102b871d17f30e3cd9881a642961a1e486
nelhage/taktician;71d90a747d46230c243161bd6ed325617007d452
tendermint/merkleeyes;102aaf5a8ffda1846413fb22805a94def2045b9f
NullHypothesis/zoossh;4373553837df2965019076e4116cbbfe2614150c
qntfy/kazaam;a468ff9747a9005bd421e89d9c2977d7d196c914
boltdb/bolt;e9cf4fae01b5a8ff89d0ec6b32f0d9c9f79aefdd
siddontang/go;cb568a3e5cc06256f91a2da5a87455f717eb33f4
g-hyoga/kyuko;14ec02216b72697239343f696f6e86a8c84cd54f
nimajalali/go-force;0244aa9b56bd8392da9dd02dc810c56a5ba9a4d5
Shopify/toxiproxy;a5f75b4ec210a10c0b4e3ceae7cf6dc16fb35043
mna/pigeon;3ad7b4379454d41dc287081d455492b3b00b81df
toomore/gogrs;6ed8f70898cf9ae624f665d4ad1fa86f872712bf
btcsuite/btcd;948d80b1988264b0fb6ef009b1a989511f08227e
ernado/stun;40f6a2ed4e5b89731ce4f50558f49540ac43237b
nsqio/nsq;6c64ce0d958a844106715cfaf52d7bd8ceef4af6
nelhage/gojit;4098a5faeff15130723df4c809d39c4d5faac3e4
jaredfolkins/badactor;5fdf0ec469b68d844cbe36ace8101ead16359f1d
prataprc/goparsec;a8fd883642f438ba06bd46c793dc8562b2eb7749
tianon/debian-golang-dbus;001601eca21b31894f024751a8645875422d9914
codegangsta/martini-contrib;8ce6181c2609699e4c7cd30994b76a850a9cdadc
atlassian/gostatsd;3db44335a0752c671ce44d2ca3ffa2b9990c1173
disintegration/imaging;ac27d1805a555e1754fa177216ee07f4e63c30b5
robfig/soy;9d92c1999f49cbdcf4239b5e5f6845b7d391f175
mesos/mesos-go;7ef6ac766e6ae6565d082792eb10d006736fd8d1
pgpst/pgpst;7438d6acf5626e9b9356ab385f56646a13e606ae
valyala/ybc;7f424c60224c4b1ff1715308818a005ceb8ae29f
ardanlabs/kit;bbeae29fdd2bcb360124d717a6420bd55ef8f511
CodisLabs/codis;088c26abd2beeef150a2600c8f9fff7616561ad7
xtaci/kcp-go;ecbba09f83427b7fefe2e9f9c394f6d92827e1a6
nats-io/go-nats;0f25ebdb0f66fac3de939396a6eeb64d3cee23cd
tinylib/synapse;6ebcb988982967981b36671b347a10a783eaa47f
tideland/golib;f77a47258e001a0bd32a25d85b54bac1c3347ef3
PuerkitoBio/purell;b938d81255b5473c57635324295cb0fe398c7a58
miekg/dns;e46719b2fef404d2e531c0dd9055b1c95ff01e2e
m4rw3r/uuid;00c72d48d5aaaf3058e26d9641164c43ba239f33
Comcast/rulio;747f51edf866a77ee45c0a366d6ed268223c1a73
wgliang/goreporter;16fac57fb59a2a0874d6c7b5d2dff934848f8747
nfnt/resize;891127d8d1b52734debe1b3c3d7e747502b6c366
piotrkowalczuk/pqt;251e7f0fa7d4b29ae53f11bfbc901442371bcfde
go-pg/pg;8f850f666a28216bd3676e386d868343e2ab116c
bogem/id3v2;2831979ac77ee756fa448d4a9f2e6c2219c8382c
mewkiz/flac;b49238df8538b0cbdc903f7efec8c5dbff1fed2f
mailru/easyjson;2f5df55504ebc322e4d52d34df6a1f5b503bf26d
dustin/go-jsonpointer;ba0abeacc3dcca5b9b20f31509c46794edbc9965
StabbyCutyou/moldova;8cae5764dd5d63d033d9c9bb276598094ee34cc7
json-iterator/go;87006441968485a9dc330018b02bd7a015f5a12b
guregu/dynamo;f6629bc6b1a0d7b52e1e025bfc8f6eaf75e7bd2a
cosmos72/gomacro;bda2cfbebf53a9bb579207fefd1edd126894241b
CloudyKit/jet;a1c4500d4bee4ecb9a38d6cded7c13e86f2b1e28
godbus/dbus;37252881b3a87eaa2eb04b0ff2211f54f45199ab
japm/goScript;caab90145b05376536bbab332312f4812123e197
dustin/seriesly;e5ee8fc0b249a7be14ff52a98688120dbf7ff06a
jmoiron/sqlx;d9bd385d68c068f1fabb5057e3dedcbcbb039d0f
DataDog/datadog-go;65671c440e8fa4ccbbc5a5c6c499a3c9a039f84f
samuel/go-thrift;e9042807f4f5bf47563df6992d3ea0857313e2be
blang/semver;4a1e882c79dcf4ec00d2e29fac74b9c8938d5052
klauspost/pgzip;0bf5dcad4ada2814c3c00f996a982270bb81a506
hprose/hprose-golang;b80c151b4f94db880307b473b049fc65d7fc5a2a
cactus/go-statsd-client;1139cdac1a56e404b5382e3a3503a2c587d2c0c3
rdwilliamson/aws;54608bb65939fc94439865d46598a57f7f15fb0e
pp2p/paranoid;08e10f212ba5d1a2be60d3b61c490a1918461e9f
Redundancy/go-sync;8931874cad5cacc627b94fcbcb182460e174aeef
go-openapi/runtime;40a2567d3dca09368d5f53045840490cfc9c62c3
zenazn/goji;4d7077956293261309684d3cf1af673f773c6819
tendermint/tendermint;7f3c697b6e4c624aa0f8d29ff97e9bfe20deb8f9
splace/signals;0ff28e741439d79d5896d57490a3da8d5e65fa17
vbatts/tar-split;b9127a139315e57ebc26030e7decf72d0a20acb4
valyala/quicktemplate;6abbd1b822699a4925c76df1740b266f17c2c9ae
go-gl/mathgl;9e3ea3e806141087fbb83a8a8e7038bf73eff120
ahmetb/go-linq;67424dce7b47e42b7f2373557878fd6e3f2d8c44
hashicorp/golang-lru;0a025b7e63adc15a622f29b0b2c4c3848243bbf6
digitalocean/captainslog;e1e53277000d9ba09da1c8e0d73119c38e6b052e
golang/proposal;d1c7836dd7a8bed502d4eda846d6fc88fcd48bbd
foursquare/quiver;aa90671e0757094e528bd817a0113a719062250c
chihaya/chihaya;13c71b4ee127a3be43cfe30fd4e52ca4a395bb6e
dgrijalva/jwt-go;a539ee1a749a2b895533f979515ac7e6e0f5b650
tormol/AIS;9601c9808f2de0d7afe894ae844af2e494b94bb7
powerman/rpc-codec;d10c0e9cfeac32cd94ee57c8eb8728abd6594618
google/uuid;6a5e28554805e78ea6141142aba763936c4761c0
dearplain/fast-shadowsocks;50e616f764d85b7fe4b48d4dcf3bb8ce9ab97366
golang/snappy;553a641470496b2327abcac10b36396bd98e45c9
cloudflare/dns;e20ffa3da443071c7b3d164dec5b1f80dfb2ecf3
semanticize/st;5fecf9ce9b60b15f9cf951571575c418fc4b1d3a
pborman/uuid;e790cca94e6cc75c7064b1332e63811d4aae1a53
yourheropaul/inj;9250637df1083710a57c981a0fd555511eebf99f
numbleroot/pluto;57257cd684ffd21d68ee5e8647717ef50f239646
open-policy-agent/opa;a204d799893d034d77a0887deb07655a7d793cb2
ld9999999999/pqpooling;960c4aa2da14eb1cd8722a97060af557943ee3ec
Everlag/poeitemstore;89d8475e78565b97e913296b18e69c0760f37131
pierrre/imageserver;a564164fd0d8af7275b3199f94731a62450e3193
tomnomnom/gron;c463f7ed034f0b387f6a50c6bfd44194c3ebaab3
uber/tchannel-go;0cebd4eaef5eb7430bdde80761471b05af366a8d
micro/go-micro;9438fae607eddba286723575340f45bc1831a4f1
smancke/guble;95aba8dadfa9fe369d48ae9227e342417bcec195
jayjanssen/myq-tools;89b14352547bfb1b93bc3447638076e321a8209a
eleme/banshee;55a07c00cd68250e328b151922fe1de7d80bf545
beeker1121/goque;4044bc29b28064db4f08e947c4972d5ca3e0f3c8
timshannon/bolthold;a0cbe4026e4236b898f12031c312e39becd63ae6
dimfeld/httptreemux;55bdaa3f4bf4cf91acd94701fa2044fb487c455b
VoltDB/voltdb-client-go;7c323a5734063ddd22044039f010d34c8365d13d
klauspost/reedsolomon;18d548df635f0d2c5c0e6bfc500d425ba1859403
mesosphere/mesos-dns;9d21ea6de38bd371e34bde196ceaee94cdac8a2c
couchbase/moss;f71873811a1323b04a1e2fdd68b2a1c0ee7bee80
op/go-logging;970db520ece77730c7e4724c61121037378659d9
limetext/text;637728756caf5542b6be03251bbc28a17493b3f9
segmentio/objconv;dc5529a643e8c19714ceb7c159692db6866d5750
fiorix/go-diameter;8fc64b197ee2b9805a74fa837cf6d6d9ac26ed23
privacylab/talek;27ca5ecb5ef7d385a4fa246e1b0635e8488cc21f
DNAProject/DNA;d40845d5cef009faa678df19d1cb3bdcc5a1df03
TuftsBCB/io;22b94e9b23f9a03e2fc8987a5908ec14f290702b
golang/geo;c09b206546d1c7448bee892c56c21cc2bcd7e973
dustin/gomemcached;a2284a01c143e355985d192edf3b62a053747c70
devfeel/dotweb;9ed6c4f34618f7866406e03fc907e94cb0064b30
fatih/set;27c40922c40b43fe04554d8223a402af3ea333f3
google/netstack;a6dae5bc419c44ebba48550cce02b074792e9899
Nordstrom/choices;cc6e9248b70847455f4adc9495ae272db2b4820c
fabiolb/fabio;67eda269b2ad01adf61cfbb4e8179b28beb7cc0c
ernado/sdp;43b85ad77caf66f9a964128da8c6c22aee23c1bb
DataDog/datadog-trace-agent;73a584e7d57533503d8b0074bb151688b5c3dcfc
henrylee2cn/faygo;970526e60a75df7c6804b6bca4775d1efa856d6f
bemasher/rtlamr;5910c8f451f50f85f329aa7efa1eca0e8dc60f12
sni/lmd;a903e875425ca3652d578af4cfb9a2c38181d3db
mna/gred;cf07a88c0746e196780b10816ea4d7294434b4c1
ungerik/go3d;b765e791b61c6db0b9ff62072092d28395aeb106
bbiskup/edify;bdd701a3ca13e90e0ba2fd5642e4f54afbefc699
Liru/tumblr-downloader;6a5a97332ef75427e1e3d684626da9c2ccc88c02
01org/ciao;3833b1fed7c8eba0f2fdf5ed7f5858c26c4a6500
gocql/gocql;bb83efe9b64d7f00806f758a14a3ea438c64ff62
centrifugal/centrifugo;889b943fdd537b0075d40eda3a82d38193aa6c91
donutloop/mux;a91b4fd3593ca167b58a39783903a0be7a210750
lib/pq;8837942c3e09574accbc5f150e2c5e057189cace
lionkov/ninep;3bca0642e7d52e258a2402710873c31a5e15424a
goframework/gf;bb3bbde812bb4db649483624bd9a9508136c5ba4
elodina/go-avro;0c8185d9a3ba82aeac98db3313a268a5b6df99b5
coreos/mantle;2266b267febcd49bd6ec6a54c21ae12b5b8f613b
getlantern/zenodb;dde0dea64ee088d6107a4ec6dfd6de6c2ad38faf
dchest/captcha;6a29415a8364ec2971fdc62d9e415ed53fc20410
smartystreets/go-disruptor;1d1ef7a0321ccbe402c145b20ec0ad7546ba8f0e
roblillack/mars;ed9edb53aada9b758367740e36711aded8f11590
tsuru/planb;04787d0e24fcd6d6b05e810378e7d31fabacc09e
tsurai/jantar;aefdbbffc86dea101cd5c2451558e22200fbe1ab
shadowsocks/shadowsocks-go;5c6f652e323ffe46b8b417408cd519fc15a11e70
glenn-brown/skiplist;b6428f513193ed1c98b23e58aa617683eb0ff07c
omniscale/imposm3;7913d4873fd129dbb22933d55c43bf0d3e459c3e
cznic/mathutil;6baf61e0317058e3207936f50e310bd500fbbdb0
peterbourgon/diskv;5dfcb07a075adbaaa4094cddfd160b1e1c77a043
mndrix/golog;a28e2a2697753085320289e97116113b30b654db
klauspost/compress;f3dce52e0576655d55fd69e74b63da96ad1108f3
containerd/containerd;8e1a04ff9ee302ae3b37013c42e8486465372cd9
stratumn/sdk;19f0322e1dc9108de350e35ca4d18c9b014a34a8
bread-editor/bread;b2d2da79441678e1d61feab9a803636b0202c041
nicksnyder/go-i18n;3e70a1a463008cea6726380c908b1a6a8bdf7b24
rs/cors;8dd4211afb5d08dbb39a533b9bb9e4b486351df6
reflexionhealth/vanilla;b653cca1019e5f6d62629376fc18600305920e8c
cznic/kv;892ccf731fb7aa5e9aa300eb24456d1519afcfc7
orcaman/concurrent-map;2ae17bc4c860c83513ee50feb9746f3e50d7515d
Knetic/govaluate;91facc4ae520fef82c9aee6b6ae720d9ae789131
aclements/go-misc;65b3bde2d4da0e9d602d92db1514eb40bccb1dfe
tsuru/bs;3b0b404289c1f000233ec66cace22353539ce8b9
uber-common/cpustat;79c1ebd00ceaea633e818915edc51fc11cbcb67a
lightstep/lightstep-tracer-go;7a9b172199f2df79def78707aaba049a191e74f2
rivine/rivine;6a2e038feee79c2f198c68370bf1e9447adcef29
couchbase/go-slab;1f5f7f282713ccfab3f46b1610cb8da34bcf676f
garyburd/redigo;57f1cd7de6175c96b423e7ac2534ff2b39e2ef79
asteris-llc/converge;b8f29e29b814082f2f40be0d9e911a0c0a3f9e90
Workiva/go-datastructures;01ff43b05e5593e6e41f5988797126402611e2d7
ardielle/ardielle-go;780d858788e72a55335f778b08f4baceac59a8de
nekolunar/http2;dfd1b467d5e9fed072d352c63b2fb96f30c36006
m3db/m3x;f3fdee26896eff88aea63d585eceb6ac417f4530
brianvoe/gofakeit;3c25a0160f665addedf86de0d861bc63edf44d13
anthonynsimon/bild;7f2c395b16042d36ab187448a70b9de9ccb5854d
qjpcpu/sesh;8ac39c084133c98d375a45840aac363051247bfa
rackspace/rack;2f85325e748ddf949e14e7cfca2bde462b31ba23
btcsuite/btcwallet;4222c0464ad2e5c28c073608a144ea925c9f7e2d
mvdan/xurls;7c6b429873f09f77d62124294d43bb6dd17be941
OneOfOne/xxhash;9f129ced0523605cdde14a954ae4609e366a7998
Comcast/eel;95e0f21e44f7b7f57a6b135ba0d5e479280a029a
eaburns/T;0a7b6dc5d73442a3f81b9f9acd7aacef1aad55fb
lunixbochs/struc;ae5aa8161e35c822b55526833b1635764b740770
appc/spec;846ceefb94c79945a09d5a0d244af15647523026
cosn/collections;4def9c823fc106d9dde9ef3c266263fde42b11f0
avct/uasurfer;58547b533a5426ab563215f47cd1dbcb4300beb7
docker/libchan;0328dcec840a0659448faf08af087135fffb7fde
gin-gonic/gin;735748b359cee5e7f7597128580f6f94bbc0987f
derekparker/delve;293c5087577a4c14562996ce00dffdeb6aee6751
go-redis/redis;564772f045d89bd55843d7dc8042e0a599401e09
goburrow/cache;62c5a52241c3f8b64b8bafa56aec7b016b34f677
go-sql-driver/mysql;bf7f34fef176d890dfcc6e94319ac747291bc09a
cgrates/cgrates;b6857bf9bd68fdc6b4fa43bd07e6aed68d962702
goburrow/modbus;9ffe737f567a07534d91277866779e28145440e0
uber-go/zap;acea9071443b209a0df36bbd68adf06708fe9f82
kostya-sh/parquet-go;38c39cafbc387ae0dacc15b1a4c4168dbbf5558e
vladimirvivien/automi;9f6f1d8c08722411d6fd0b0617bba1afac12c99d
patrickmn/go-cache;7ac151875ffb48b9f3ccce9ea20f020b0c1596c8
spf13/cobra;8c6fa02d2225de0f9bdcb7ca912556f68d172d8c
biogo/hts;e3102fbbf97b72e5f9fe4f2a6ccfc95785b59150
go-playground/locales;1e5f1161c6416a5ff48840eb8724a394e48cc534
PuerkitoBio/goquery;8806ada2a4ab225c06e9106f9631be80932db7ce
apigee-labs/transicator;442ef78984c0372bf6a2c6a1604421471be1f185
pteichman/fate;23e5ef650dec9a4847418c30ff6c44ccfd06ac95
coredns/coredns;df137d971c884ae70438f410282ba43dfc4ba38a
valyala/fasthttp;498431ce67adb2a2154fb1aad7a35736964c2878
docker/distribution;f86db6b22663a27ba4d278220b7e34be528b1e79
sjwhitworth/golearn;51d7b7d26237915beca07b3872c0e0343e9cde19
vattle/sqlboiler;0b027fa01c78dcc2036564fb7dabbd1229509821
coreos/coretest;4f6535a6e6a5de42b3702fa6182808a267eaf4ae
